﻿UOW_ID,UOW_NAME,SBOW_ID,BOW_ID,STATUS,CDC_START_TIMESTAMP,CDC_END_TIMESTAMP,EMAIL,ACTIVE_FLAG,UOW_Description,UOW_Version_number,Insert_GMT_Timestamp,Partition_number,JobName,Execution_ID,REGION
1,agr_scfg,1,1,Y,NULL,NULL,done.hemanth.rajeev.kumar@hp.com,Y,agr_scfg,NULL,2022-08-27 05:59:49.927,NULL,Ingestion_to_LakeDB,NULL,NULL
2,agr_scfg_map_i,1,1,Y,NULL,NULL,done.hemanth.rajeev.kumar@hp.com,Y,agr_scfg_map_i,NULL,2022-08-27 05:59:49.927,NULL,Ingestion_to_LakeDB,NULL,NULL
3,agr_scfg_schedule,1,1,Y,NULL,NULL,done.hemanth.rajeev.kumar@hp.com,Y,agr_scfg_schedule,NULL,2022-08-27 05:59:49.930,NULL,Ingestion_to_LakeDB,NULL,NULL
4,agt_agent_day,1,1,Y,NULL,NULL,done.hemanth.rajeev.kumar@hp.com,Y,agt_agent_day,NULL,2022-08-27 05:59:49.930,NULL,Ingestion_to_LakeDB,NULL,NULL
5,agt_agent_grp_day,1,1,Y,NULL,NULL,done.hemanth.rajeev.kumar@hp.com,Y,agt_agent_grp_day,NULL,2022-08-27 05:59:49.930,NULL,Ingestion_to_LakeDB,NULL,NULL
6,agt_agent_grp_hour,1,1,Y,NULL,NULL,done.hemanth.rajeev.kumar@hp.com,Y,agt_agent_grp_hour,NULL,2022-08-27 05:59:49.933,NULL,Ingestion_to_LakeDB,NULL,NULL
7,agt_agent_grp_month,1,1,Y,NULL,NULL,done.hemanth.rajeev.kumar@hp.com,Y,agt_agent_grp_month,NULL,2022-08-27 05:59:49.933,NULL,Ingestion_to_LakeDB,NULL,NULL
8,agt_agent_grp_subhr,1,1,Y,NULL,NULL,done.hemanth.rajeev.kumar@hp.com,Y,agt_agent_grp_subhr,NULL,2022-08-27 05:59:49.933,NULL,Ingestion_to_LakeDB,NULL,NULL
9,agt_agent_hour,1,1,Y,NULL,NULL,done.hemanth.rajeev.kumar@hp.com,Y,agt_agent_hour,NULL,2022-08-27 05:59:49.937,NULL,Ingestion_to_LakeDB,NULL,NULL
10,agt_agent_month,1,1,Y,NULL,NULL,done.hemanth.rajeev.kumar@hp.com,Y,agt_agent_month,NULL,2022-08-27 05:59:49.937,NULL,Ingestion_to_LakeDB,NULL,NULL
11,agt_agent_queue_daY,1,1,Y,NULL,NULL,done.hemanth.rajeev.kumar@hp.com,Y,agt_agent_queue_daY,NULL,2022-08-27 05:59:49.940,NULL,Ingestion_to_LakeDB,NULL,NULL
12,agt_agent_queue_hour,1,1,Y,NULL,NULL,done.hemanth.rajeev.kumar@hp.com,Y,agt_agent_queue_hour,NULL,2022-08-27 05:59:49.940,NULL,Ingestion_to_LakeDB,NULL,NULL
13,agt_agent_queue_month,1,1,Y,NULL,NULL,done.hemanth.rajeev.kumar@hp.com,Y,agt_agent_queue_month,NULL,2022-08-27 05:59:49.940,NULL,Ingestion_to_LakeDB,NULL,NULL
14,agt_agent_queue_subhr,1,1,Y,NULL,NULL,done.hemanth.rajeev.kumar@hp.com,Y,agt_agent_queue_subhr,NULL,2022-08-27 05:59:49.943,NULL,Ingestion_to_LakeDB,NULL,NULL
15,agt_agent_subhr,1,1,Y,NULL,NULL,done.hemanth.rajeev.kumar@hp.com,Y,agt_agent_subhr,NULL,2022-08-27 05:59:49.943,NULL,Ingestion_to_LakeDB,NULL,NULL
16,agt_i_agent_daY,1,1,Y,NULL,NULL,done.hemanth.rajeev.kumar@hp.com,Y,agt_i_agent_daY,NULL,2022-08-27 05:59:49.943,NULL,Ingestion_to_LakeDB,NULL,NULL
17,agt_i_agent_hour,1,1,Y,NULL,NULL,done.hemanth.rajeev.kumar@hp.com,Y,agt_i_agent_hour,NULL,2022-08-27 05:59:49.947,NULL,Ingestion_to_LakeDB,NULL,NULL
18,agt_i_agent_month,1,1,Y,NULL,NULL,done.hemanth.rajeev.kumar@hp.com,Y,agt_i_agent_month,NULL,2022-08-27 05:59:49.947,NULL,Ingestion_to_LakeDB,NULL,NULL
19,agt_i_agent_subhr,1,1,Y,NULL,NULL,done.hemanth.rajeev.kumar@hp.com,Y,agt_i_agent_subhr,NULL,2022-08-27 05:59:49.950,NULL,Ingestion_to_LakeDB,NULL,NULL
20,agt_i_sess_state_day,1,1,Y,NULL,NULL,done.hemanth.rajeev.kumar@hp.com,Y,agt_i_sess_state_day,NULL,2022-08-27 05:59:49.950,NULL,Ingestion_to_LakeDB,NULL,NULL
21,agt_i_sess_state_hour,1,1,Y,NULL,NULL,done.hemanth.rajeev.kumar@hp.com,Y,agt_i_sess_state_hour,NULL,2022-08-27 05:59:49.950,NULL,Ingestion_to_LakeDB,NULL,NULL
22,agt_i_sess_state_month,1,1,Y,NULL,NULL,done.hemanth.rajeev.kumar@hp.com,Y,agt_i_sess_state_month,NULL,2022-08-27 05:59:49.950,NULL,Ingestion_to_LakeDB,NULL,NULL
23,agt_i_sess_state_subhr,1,1,Y,NULL,NULL,done.hemanth.rajeev.kumar@hp.com,Y,agt_i_sess_state_subhr,NULL,2022-08-27 05:59:49.953,NULL,Ingestion_to_LakeDB,NULL,NULL
24,agt_i_state_rsn_day,1,1,Y,NULL,NULL,done.hemanth.rajeev.kumar@hp.com,Y,agt_i_state_rsn_day,NULL,2022-08-27 05:59:49.953,NULL,Ingestion_to_LakeDB,NULL,NULL
25,agt_i_state_rsn_hour,1,1,Y,NULL,NULL,done.hemanth.rajeev.kumar@hp.com,Y,agt_i_state_rsn_hour,NULL,2022-08-27 05:59:49.957,NULL,Ingestion_to_LakeDB,NULL,NULL
26,agt_i_state_rsn_month,1,1,Y,NULL,NULL,done.hemanth.rajeev.kumar@hp.com,Y,agt_i_state_rsn_month,NULL,2022-08-27 05:59:49.957,NULL,Ingestion_to_LakeDB,NULL,NULL
27,agt_i_state_rsn_subhr,1,1,Y,NULL,NULL,done.hemanth.rajeev.kumar@hp.com,Y,agt_i_state_rsn_subhr,NULL,2022-08-27 05:59:49.957,NULL,Ingestion_to_LakeDB,NULL,NULL
28,agt_id_day,1,1,Y,NULL,NULL,done.hemanth.rajeev.kumar@hp.com,Y,agt_id_day,NULL,2022-08-27 05:59:49.960,NULL,Ingestion_to_LakeDB,NULL,NULL
29,agt_id_hour,1,1,Y,NULL,NULL,done.hemanth.rajeev.kumar@hp.com,Y,agt_id_hour,NULL,2022-08-27 05:59:49.960,NULL,Ingestion_to_LakeDB,NULL,NULL
30,agt_id_month,1,1,Y,NULL,NULL,done.hemanth.rajeev.kumar@hp.com,Y,agt_id_month,NULL,2022-08-27 05:59:49.960,NULL,Ingestion_to_LakeDB,NULL,NULL
31,agt_id_subhr,1,1,Y,NULL,NULL,done.hemanth.rajeev.kumar@hp.com,Y,agt_id_subhr,NULL,2022-08-27 05:59:49.963,NULL,Ingestion_to_LakeDB,NULL,NULL
32,agt_queue_abn_day,1,1,Y,NULL,NULL,done.hemanth.rajeev.kumar@hp.com,Y,agt_queue_abn_day,NULL,2022-08-27 05:59:49.963,NULL,Ingestion_to_LakeDB,NULL,NULL
33,agt_queue_abn_hour,1,1,Y,NULL,NULL,done.hemanth.rajeev.kumar@hp.com,Y,agt_queue_abn_hour,NULL,2022-08-27 05:59:49.967,NULL,Ingestion_to_LakeDB,NULL,NULL
34,agt_queue_abn_month,1,1,Y,NULL,NULL,done.hemanth.rajeev.kumar@hp.com,Y,agt_queue_abn_month,NULL,2022-08-27 05:59:49.967,NULL,Ingestion_to_LakeDB,NULL,NULL
35,agt_queue_abn_subhr,1,1,Y,NULL,NULL,done.hemanth.rajeev.kumar@hp.com,Y,agt_queue_abn_subhr,NULL,2022-08-27 05:59:49.970,NULL,Ingestion_to_LakeDB,NULL,NULL
36,agt_queue_acc_agent_day,1,1,Y,NULL,NULL,done.hemanth.rajeev.kumar@hp.com,Y,agt_queue_acc_agent_day,NULL,2022-08-27 05:59:49.970,NULL,Ingestion_to_LakeDB,NULL,NULL
37,agt_queue_acc_agent_hour,1,1,Y,NULL,NULL,done.hemanth.rajeev.kumar@hp.com,Y,agt_queue_acc_agent_hour,NULL,2022-08-27 05:59:49.970,NULL,Ingestion_to_LakeDB,NULL,NULL
38,agt_queue_acc_agent_month,1,1,Y,NULL,NULL,done.hemanth.rajeev.kumar@hp.com,Y,agt_queue_acc_agent_month,NULL,2022-08-27 05:59:49.970,NULL,Ingestion_to_LakeDB,NULL,NULL
39,agt_queue_acc_agent_subhr,1,1,Y,NULL,NULL,done.hemanth.rajeev.kumar@hp.com,Y,agt_queue_acc_agent_subhr,NULL,2022-08-27 05:59:49.973,NULL,Ingestion_to_LakeDB,NULL,NULL
40,agt_queue_day,1,1,Y,NULL,NULL,done.hemanth.rajeev.kumar@hp.com,Y,agt_queue_day,NULL,2022-08-27 05:59:49.973,NULL,Ingestion_to_LakeDB,NULL,NULL
41,agt_queue_grp_day,1,1,Y,NULL,NULL,done.hemanth.rajeev.kumar@hp.com,Y,agt_queue_grp_day,NULL,2022-08-27 05:59:49.973,NULL,Ingestion_to_LakeDB,NULL,NULL
42,agt_queue_grp_hour,1,1,Y,NULL,NULL,done.hemanth.rajeev.kumar@hp.com,Y,agt_queue_grp_hour,NULL,2022-08-27 05:59:49.977,NULL,Ingestion_to_LakeDB,NULL,NULL
43,agt_queue_grp_month,1,1,Y,NULL,NULL,done.hemanth.rajeev.kumar@hp.com,Y,agt_queue_grp_month,NULL,2022-08-27 05:59:49.977,NULL,Ingestion_to_LakeDB,NULL,NULL
44,agt_queue_grp_subhr,1,1,Y,NULL,NULL,done.hemanth.rajeev.kumar@hp.com,Y,agt_queue_grp_subhr,NULL,2022-08-27 05:59:49.980,NULL,Ingestion_to_LakeDB,NULL,NULL
45,agt_queue_hour,1,1,Y,NULL,NULL,done.hemanth.rajeev.kumar@hp.com,Y,agt_queue_hour,NULL,2022-08-27 05:59:49.980,NULL,Ingestion_to_LakeDB,NULL,NULL
46,agt_queue_month,1,1,Y,NULL,NULL,done.hemanth.rajeev.kumar@hp.com,Y,agt_queue_month,NULL,2022-08-27 05:59:49.980,NULL,Ingestion_to_LakeDB,NULL,NULL
47,agt_queue_subhr,1,1,Y,NULL,NULL,done.hemanth.rajeev.kumar@hp.com,Y,agt_queue_subhr,NULL,2022-08-27 05:59:49.980,NULL,Ingestion_to_LakeDB,NULL,NULL
48,anchor_flags,1,1,Y,NULL,NULL,done.hemanth.rajeev.kumar@hp.com,Y,anchor_flags,NULL,2022-08-27 05:59:49.983,NULL,Ingestion_to_LakeDB,NULL,NULL
49,ctl_extract_metrics,1,1,Y,NULL,NULL,done.hemanth.rajeev.kumar@hp.com,Y,ctl_extract_metrics,NULL,2022-08-27 05:59:49.983,NULL,Ingestion_to_LakeDB,NULL,NULL
50,ctl_ud_to_ude_mapping,1,1,Y,NULL,NULL,done.hemanth.rajeev.kumar@hp.com,Y,ctl_ud_to_ude_mapping,NULL,2022-08-27 05:59:49.983,NULL,Ingestion_to_LakeDB,NULL,NULL
51,ctl_ude_keys_to_dim_mapping,1,1,Y,NULL,NULL,done.hemanth.rajeev.kumar@hp.com,Y,ctl_ude_keys_to_dim_mapping,NULL,2022-08-27 05:59:49.987,NULL,Ingestion_to_LakeDB,NULL,NULL
52,date_time,1,1,Y,NULL,NULL,done.hemanth.rajeev.kumar@hp.com,Y,date_time,NULL,2022-08-27 05:59:49.987,NULL,Ingestion_to_LakeDB,NULL,NULL
53,date_time_amsc,1,1,Y,NULL,NULL,done.hemanth.rajeev.kumar@hp.com,Y,date_time_amsc,NULL,2022-08-27 05:59:49.990,NULL,Ingestion_to_LakeDB,NULL,NULL
54,date_time_eurc,1,1,Y,NULL,NULL,done.hemanth.rajeev.kumar@hp.com,Y,date_time_eurc,NULL,2022-08-27 05:59:49.990,NULL,Ingestion_to_LakeDB,NULL,NULL
55,date_time_p053,1,1,Y,NULL,NULL,done.hemanth.rajeev.kumar@hp.com,Y,date_time_p053,NULL,2022-08-27 05:59:49.990,NULL,Ingestion_to_LakeDB,NULL,NULL
56,date_time_p080,1,1,Y,NULL,NULL,done.hemanth.rajeev.kumar@hp.com,Y,date_time_p080,NULL,2022-08-27 05:59:49.990,NULL,Ingestion_to_LakeDB,NULL,NULL
57,date_time_p090,1,1,Y,NULL,NULL,done.hemanth.rajeev.kumar@hp.com,Y,date_time_p090,NULL,2022-08-27 05:59:49.993,NULL,Ingestion_to_LakeDB,NULL,NULL
58,gidb_g_call_v,1,1,Y,NULL,NULL,done.hemanth.rajeev.kumar@hp.com,Y,gidb_g_call_v,NULL,2022-08-27 05:59:49.993,NULL,Ingestion_to_LakeDB,NULL,NULL
59,gidb_g_party_v,1,1,Y,NULL,NULL,done.hemanth.rajeev.kumar@hp.com,Y,gidb_g_party_v,NULL,2022-08-27 05:59:49.997,NULL,Ingestion_to_LakeDB,NULL,NULL
60,gidb_gc_endpoint,1,1,Y,NULL,NULL,done.hemanth.rajeev.kumar@hp.com,Y,gidb_gc_endpoint,NULL,2022-08-27 05:59:49.997,NULL,Ingestion_to_LakeDB,NULL,NULL
61,gidb_gc_group,1,1,Y,NULL,NULL,done.hemanth.rajeev.kumar@hp.com,Y,gidb_gc_group,NULL,2022-08-27 05:59:49.997,NULL,Ingestion_to_LakeDB,NULL,NULL
62,gidb_gc_place,1,1,Y,NULL,NULL,done.hemanth.rajeev.kumar@hp.com,Y,gidb_gc_place,NULL,2022-08-27 05:59:50.000,NULL,Ingestion_to_LakeDB,NULL,NULL
63,gidb_gc_skill,1,1,Y,NULL,NULL,done.hemanth.rajeev.kumar@hp.com,Y,gidb_gc_skill,NULL,2022-08-27 05:59:50.000,NULL,Ingestion_to_LakeDB,NULL,NULL
64,gidb_gc_switch,1,1,Y,NULL,NULL,done.hemanth.rajeev.kumar@hp.com,Y,gidb_gc_switch,NULL,2022-08-27 05:59:50.000,NULL,Ingestion_to_LakeDB,NULL,NULL
65,gidb_gc_tenant,1,1,Y,NULL,NULL,done.hemanth.rajeev.kumar@hp.com,Y,gidb_gc_tenant,NULL,2022-08-27 05:59:50.003,NULL,Ingestion_to_LakeDB,NULL,NULL
66,gidb_gcx_agent_place,1,1,Y,NULL,NULL,done.hemanth.rajeev.kumar@hp.com,Y,gidb_gcx_agent_place,NULL,2022-08-27 05:59:50.003,NULL,Ingestion_to_LakeDB,NULL,NULL
67,interaction_descriptor,1,1,Y,NULL,NULL,done.hemanth.rajeev.kumar@hp.com,Y,interaction_descriptor,NULL,2022-08-27 05:59:50.007,NULL,Ingestion_to_LakeDB,NULL,NULL
68,interaction_fact,1,1,Y,NULL,NULL,done.hemanth.rajeev.kumar@hp.com,Y,interaction_fact,NULL,2022-08-27 05:59:50.007,NULL,Ingestion_to_LakeDB,NULL,NULL
69,interaction_resource_fact,1,1,Y,NULL,NULL,done.hemanth.rajeev.kumar@hp.com,Y,interaction_resource_fact,NULL,2022-08-27 05:59:50.007,NULL,Ingestion_to_LakeDB,NULL,NULL
70,interaction_resource_state,1,1,Y,NULL,NULL,done.hemanth.rajeev.kumar@hp.com,Y,interaction_resource_state,NULL,2022-08-27 05:59:50.010,NULL,Ingestion_to_LakeDB,NULL,NULL
71,interaction_type,1,1,Y,NULL,NULL,done.hemanth.rajeev.kumar@hp.com,Y,interaction_type,NULL,2022-08-27 05:59:50.010,NULL,Ingestion_to_LakeDB,NULL,NULL
72,irf_user_data_cust_1,1,1,Y,NULL,NULL,done.hemanth.rajeev.kumar@hp.com,Y,irf_user_data_cust_1,NULL,2022-08-27 05:59:50.010,NULL,Ingestion_to_LakeDB,NULL,NULL
73,irf_user_data_cust_2,1,1,Y,NULL,NULL,done.hemanth.rajeev.kumar@hp.com,Y,irf_user_data_cust_2,NULL,2022-08-27 05:59:50.013,NULL,Ingestion_to_LakeDB,NULL,NULL
74,irf_user_data_cust_3,1,1,Y,NULL,NULL,done.hemanth.rajeev.kumar@hp.com,Y,irf_user_data_cust_3,NULL,2022-08-27 05:59:50.013,NULL,Ingestion_to_LakeDB,NULL,NULL
75,irf_user_data_gen_1,1,1,Y,NULL,NULL,done.hemanth.rajeev.kumar@hp.com,Y,irf_user_data_gen_1,NULL,2022-08-27 05:59:50.017,NULL,Ingestion_to_LakeDB,NULL,NULL
76,irf_user_data_keys,1,1,Y,NULL,NULL,done.hemanth.rajeev.kumar@hp.com,Y,irf_user_data_keys,NULL,2022-08-27 05:59:50.017,NULL,Ingestion_to_LakeDB,NULL,NULL
77,ivrpcsactionlog,1,1,Y,NULL,NULL,done.hemanth.rajeev.kumar@hp.com,Y,ivrpcsactionlog,NULL,2022-08-27 05:59:50.017,NULL,Ingestion_to_LakeDB,NULL,NULL
78,ixn_resource_state_fact,1,1,Y,NULL,NULL,done.hemanth.rajeev.kumar@hp.com,Y,ixn_resource_state_fact,NULL,2022-08-27 05:59:50.020,NULL,Ingestion_to_LakeDB,NULL,NULL
79,media_type,1,1,Y,NULL,NULL,done.hemanth.rajeev.kumar@hp.com,Y,media_type,NULL,2022-08-27 05:59:50.020,NULL,Ingestion_to_LakeDB,NULL,NULL
80,mediation_segment_fact,1,1,Y,NULL,NULL,done.hemanth.rajeev.kumar@hp.com,Y,mediation_segment_fact,NULL,2022-08-27 05:59:50.020,NULL,Ingestion_to_LakeDB,NULL,NULL
81,place_group_fact,1,1,Y,NULL,NULL,done.hemanth.rajeev.kumar@hp.com,Y,place_group_fact,NULL,2022-08-27 05:59:50.023,NULL,Ingestion_to_LakeDB,NULL,NULL
82,requested_skill,1,1,Y,NULL,NULL,done.hemanth.rajeev.kumar@hp.com,Y,requested_skill,NULL,2022-08-27 05:59:50.023,NULL,Ingestion_to_LakeDB,NULL,NULL
83,requested_skill_combination,1,1,Y,NULL,NULL,done.hemanth.rajeev.kumar@hp.com,Y,requested_skill_combination,NULL,2022-08-27 05:59:50.023,NULL,Ingestion_to_LakeDB,NULL,NULL
84,resource,1,1,Y,NULL,NULL,done.hemanth.rajeev.kumar@hp.com,Y,resource,NULL,2022-08-27 05:59:50.027,NULL,Ingestion_to_LakeDB,NULL,NULL
85,resource_group_combination,1,1,Y,NULL,NULL,done.hemanth.rajeev.kumar@hp.com,Y,resource_group_combination,NULL,2022-08-27 05:59:50.027,NULL,Ingestion_to_LakeDB,NULL,NULL
86,resource_group_fact,1,1,Y,NULL,NULL,done.hemanth.rajeev.kumar@hp.com,Y,resource_group_fact,NULL,2022-08-27 05:59:50.030,NULL,Ingestion_to_LakeDB,NULL,NULL
87,resource_skill_fact,1,1,Y,NULL,NULL,done.hemanth.rajeev.kumar@hp.com,Y,resource_skill_fact,NULL,2022-08-27 05:59:50.030,NULL,Ingestion_to_LakeDB,NULL,NULL
88,resource_state,1,1,Y,NULL,NULL,done.hemanth.rajeev.kumar@hp.com,Y,resource_state,NULL,2022-08-27 05:59:50.030,NULL,Ingestion_to_LakeDB,NULL,NULL
89,resource_state_reason,1,1,Y,NULL,NULL,done.hemanth.rajeev.kumar@hp.com,Y,resource_state_reason,NULL,2022-08-27 05:59:50.030,NULL,Ingestion_to_LakeDB,NULL,NULL
90,routing_target,1,1,Y,NULL,NULL,done.hemanth.rajeev.kumar@hp.com,Y,routing_target,NULL,2022-08-27 05:59:50.033,NULL,Ingestion_to_LakeDB,NULL,NULL
91,sm_media_neutral_state_fact,1,1,Y,NULL,NULL,done.hemanth.rajeev.kumar@hp.com,Y,sm_media_neutral_state_fact,NULL,2022-08-27 05:59:50.033,NULL,Ingestion_to_LakeDB,NULL,NULL
92,sm_res_session_fact,1,1,Y,NULL,NULL,done.hemanth.rajeev.kumar@hp.com,Y,sm_res_session_fact,NULL,2022-08-27 05:59:50.037,NULL,Ingestion_to_LakeDB,NULL,NULL
93,sm_res_state_fact,1,1,Y,NULL,NULL,done.hemanth.rajeev.kumar@hp.com,Y,sm_res_state_fact,NULL,2022-08-27 05:59:50.037,NULL,Ingestion_to_LakeDB,NULL,NULL
94,sm_res_state_reason_fact,1,1,Y,NULL,NULL,done.hemanth.rajeev.kumar@hp.com,Y,sm_res_state_reason_fact,NULL,2022-08-27 05:59:50.037,NULL,Ingestion_to_LakeDB,NULL,NULL
95,strategy,1,1,Y,NULL,NULL,done.hemanth.rajeev.kumar@hp.com,Y,strategy,NULL,2022-08-27 05:59:50.040,NULL,Ingestion_to_LakeDB,NULL,NULL
96,technical_descriptor,1,1,Y,NULL,NULL,done.hemanth.rajeev.kumar@hp.com,Y,technical_descriptor,NULL,2022-08-27 05:59:50.040,NULL,Ingestion_to_LakeDB,NULL,NULL
97,time_zone,1,1,Y,NULL,NULL,done.hemanth.rajeev.kumar@hp.com,Y,time_zone,NULL,2022-08-27 05:59:50.040,NULL,Ingestion_to_LakeDB,NULL,NULL
98,user_data_cust_dim_1,1,1,Y,NULL,NULL,done.hemanth.rajeev.kumar@hp.com,Y,user_data_cust_dim_1,NULL,2022-08-27 05:59:50.043,NULL,Ingestion_to_LakeDB,NULL,NULL
99,user_data_cust_dim_2,1,1,Y,NULL,NULL,done.hemanth.rajeev.kumar@hp.com,Y,user_data_cust_dim_2,NULL,2022-08-27 05:59:50.043,NULL,Ingestion_to_LakeDB,NULL,NULL
100,user_data_cust_dim_3,1,1,Y,NULL,NULL,done.hemanth.rajeev.kumar@hp.com,Y,user_data_cust_dim_3,NULL,2022-08-27 05:59:50.043,NULL,Ingestion_to_LakeDB,NULL,NULL
101,voicesapplications,1,1,Y,NULL,NULL,done.hemanth.rajeev.kumar@hp.com,Y,voicesapplications,NULL,2022-08-27 05:59:50.047,NULL,Ingestion_to_LakeDB,NULL,NULL
102,BMT_Hierarchy,1,1,Y,NULL,NULL,done.hemanth.rajeev.kumar@hp.com,Y,BMT_Hierarchy,NULL,2022-10-13 07:20:39.260,NULL,Ingestion_to_LakeDB,NULL,NULL
103,BMT_Partner,1,1,Y,NULL,NULL,done.hemanth.rajeev.kumar@hp.com,Y,BMT_Partner,NULL,2022-10-13 07:20:39.260,NULL,Ingestion_to_LakeDB,NULL,NULL
104,BMT_Forecast,1,1,Y,NULL,NULL,done.hemanth.rajeev.kumar@hp.com,Y,BMT_Forecast,NULL,2022-10-13 07:20:39.260,NULL,Ingestion_to_LakeDB,NULL,NULL
105,BMT_Capacity,1,1,Y,NULL,NULL,done.hemanth.rajeev.kumar@hp.com,Y,BMT_Capacity,NULL,2022-10-13 07:20:39.260,NULL,Ingestion_to_LakeDB,NULL,NULL
106,BMT_Agent_Site,1,1,Y,NULL,NULL,done.hemanth.rajeev.kumar@hp.com,Y,BMT_Agent_Site,NULL,2022-12-12 15:33:32.257,NULL,Ingestion_to_LakeDB,NULL,NULL
111,Fact_Telephony_CALLS_ANSWERED_INTERVAL,2,1,Y,NULL,NULL,done.hemanth.rajeev.kumar@hp.com,Y,Fact_Telephony_CALLS_ANSWERED_INTERVAL,NULL,2022-10-13 07:19:30.017,NULL,Ingestion_to_LakeDB,NULL,NULL
112,Fact_Telephony_CALLS_ABANDONED_INTERVAL,2,1,Y,NULL,NULL,done.hemanth.rajeev.kumar@hp.com,Y,Fact_Telephony_CALLS_ABANDONED_INTERVAL,NULL,2022-10-13 07:19:30.017,NULL,Ingestion_to_LakeDB,NULL,NULL
113,Fact_Telephony_CALLS_HANDLED_INTERVAL,2,1,Y,NULL,NULL,done.hemanth.rajeev.kumar@hp.com,Y,Fact_Telephony_CALLS_HANDLED_INTERVAL,NULL,2022-10-13 07:19:30.017,NULL,Ingestion_to_LakeDB,NULL,NULL
114,Fact_Telephony_QUEUE_SEGMENT,2,1,Y,NULL,NULL,done.hemanth.rajeev.kumar@hp.com,Y,Fact_Telephony_QUEUE_SEGMENT,NULL,2022-10-13 07:19:30.017,NULL,Ingestion_to_LakeDB,NULL,NULL
115,Fact_Telephony_QUEUE_CALLBACK,2,1,Y,NULL,NULL,done.hemanth.rajeev.kumar@hp.com,Y,Fact_Telephony_QUEUE_CALLBACK,NULL,2022-10-13 07:19:30.017,NULL,Ingestion_to_LakeDB,NULL,NULL
116,Fact_Telephony_QUEUE_VOICE,2,1,Y,NULL,NULL,done.hemanth.rajeev.kumar@hp.com,Y,Fact_Telephony_QUEUE_VOICE,NULL,2022-10-13 07:19:30.017,NULL,Ingestion_to_LakeDB,NULL,NULL
117,Fact_Telephony_QUEUE_CALLBACK_EXTENTED,2,1,Y,NULL,NULL,done.hemanth.rajeev.kumar@hp.com,Y,Fact_Telephony_QUEUE_CALLBACK_EXTENTED,NULL,2022-10-13 07:19:30.017,NULL,Ingestion_to_LakeDB,NULL,NULL
118,Fact_Telephony_CALLBACK_ABANDONED_INTERVAL,2,1,Y,NULL,NULL,done.hemanth.rajeev.kumar@hp.com,Y,Fact_Telephony_CALLBACK_ABANDONED_INTERVAL,NULL,2022-10-13 07:19:30.017,NULL,Ingestion_to_LakeDB,NULL,NULL
119,Fact_Telephony_CALLBACK_ANSWERED_INTERVAL,2,1,Y,NULL,NULL,done.hemanth.rajeev.kumar@hp.com,Y,Fact_Telephony_CALLBACK_ANSWERED_INTERVAL,NULL,2022-10-13 07:19:30.017,NULL,Ingestion_to_LakeDB,NULL,NULL
120,Fact_Telephony_QUEUE_USER_VOICE,2,1,Y,NULL,NULL,done.hemanth.rajeev.kumar@hp.com,Y,Fact_Telephony_QUEUE_USER_VOICE,NULL,2022-11-11 05:46:11.303,NULL,Ingestion_to_LakeDB,NULL,NULL
121,Fact_Telephony_USER_VOICE,2,1,Y,NULL,NULL,done.hemanth.rajeev.kumar@hp.com,Y,Fact_Telephony_USER_VOICE,NULL,2022-11-11 05:46:11.303,NULL,Ingestion_to_LakeDB,NULL,NULL
122,Fact_Telephony_AGENT_STATUS,2,1,Y,NULL,NULL,done.hemanth.rajeev.kumar@hp.com,Y,Fact_Telephony_AGENT_STATUS,NULL,2022-11-11 05:46:11.303,NULL,Ingestion_to_LakeDB,NULL,NULL
123,Fact_Telephony_AGENT_STATUS_DETAILS,2,1,Y,NULL,NULL,done.hemanth.rajeev.kumar@hp.com,Y,Fact_Telephony_AGENT_STATUS_DETAILS,NULL,2022-11-11 05:46:11.303,NULL,Ingestion_to_LakeDB,NULL,NULL
124,Fact_Telephony_USER_CALLBACK,2,1,Y,NULL,NULL,done.hemanth.rajeev.kumar@hp.com,Y,Fact_Telephony_USER_CALLBACK,NULL,2022-11-11 05:46:11.303,NULL,Ingestion_to_LakeDB,NULL,NULL
125,Dim_Telephony_USER,2,1,Y,NULL,NULL,done.hemanth.rajeev.kumar@hp.com,Y,Dim_Telephony_USER,NULL,2022-11-11 05:46:11.303,NULL,Ingestion_to_LakeDB,NULL,NULL
126,Fact_Telephony_TPTR_HP_PBX_Agent,2,1,Y,NULL,NULL,done.hemanth.rajeev.kumar@hp.com,Y,Fact_Telephony_TPTR_HP_PBX_Agent,NULL,2022-12-12 15:29:36.587,NULL,Ingestion_to_LakeDB,NULL,NULL
127,Fact_Telephony_TPTR_HP_PBX_IB,2,1,Y,NULL,NULL,done.hemanth.rajeev.kumar@hp.com,Y,Fact_Telephony_TPTR_HP_PBX_IB,NULL,2022-12-12 15:29:36.587,NULL,Ingestion_to_LakeDB,NULL,NULL
128,Fact_Telephony_TPTR_HP_PBX_OB,2,1,Y,NULL,NULL,done.hemanth.rajeev.kumar@hp.com,Y,Fact_Telephony_TPTR_HP_PBX_OB,NULL,2022-12-12 15:29:36.587,NULL,Ingestion_to_LakeDB,NULL,NULL
133,Fact_Telephony_AGENT_PRESENCE_DETAILS,2,1,Y,NULL,NULL,done.hemanth.rajeev.kumar@hp.com,Y,Fact_Telephony_AGENT_PRESENCE_DETAILS,NULL,2023-02-01 09:22:53.793,NULL,Ingestion_to_LakeDB,NULL,NULL
134,Fact_Telephony_AGENT_PRESENCE_DETAILS,2,1,Y,NULL,NULL,done.hemanth.rajeev.kumar@hp.com,Y,Fact_Telephony_AGENT_PRESENCE_DETAILS,NULL,2023-03-13 06:15:12.227,NULL,Ingestion_to_LakeDB,NULL,NULL
135,Dim_Telephony_USER,2,1,Y,NULL,NULL,done.hemanth.rajeev.kumar@hp.com,Y,Dim_Telephony_USER,NULL,2023-03-13 06:15:12.227,NULL,Ingestion_to_LakeDB,NULL,NULL
136,Fact_Telephony_USER_CALLBACK,2,1,Y,NULL,NULL,done.hemanth.rajeev.kumar@hp.com,Y,Fact_Telephony_USER_CALLBACK,NULL,2023-03-13 06:15:12.227,NULL,Ingestion_to_LakeDB,NULL,NULL
137,Fact_Telephony_AGENT_STATUS_DETAILS,2,1,Y,NULL,NULL,done.hemanth.rajeev.kumar@hp.com,Y,Fact_Telephony_AGENT_STATUS_DETAILS,NULL,2023-03-13 06:15:12.227,NULL,Ingestion_to_LakeDB,NULL,NULL
138,Fact_Telephony_AGENT_STATUS,2,1,Y,NULL,NULL,done.hemanth.rajeev.kumar@hp.com,Y,Fact_Telephony_AGENT_STATUS,NULL,2023-03-13 06:15:12.227,NULL,Ingestion_to_LakeDB,NULL,NULL
139,Fact_Telephony_USER_VOICE,2,1,Y,NULL,NULL,done.hemanth.rajeev.kumar@hp.com,Y,Fact_Telephony_USER_VOICE,NULL,2023-03-13 06:15:12.227,NULL,Ingestion_to_LakeDB,NULL,NULL
140,Fact_Telephony_QUEUE_USER_VOICE,2,1,Y,NULL,NULL,done.hemanth.rajeev.kumar@hp.com,Y,Fact_Telephony_QUEUE_USER_VOICE,NULL,2023-03-13 06:15:12.227,NULL,Ingestion_to_LakeDB,NULL,NULL
141,Fact_Telephony_CALLS_ANSWERED_INTERVAL,2,1,Y,NULL,NULL,done.hemanth.rajeev.kumar@hp.com,Y,Fact_Telephony_CALLS_ANSWERED_INTERVAL,NULL,2023-03-13 06:15:12.227,NULL,Ingestion_to_LakeDB,NULL,NULL
142,Fact_Telephony_CALLS_ABANDONED_INTERVAL,2,1,Y,NULL,NULL,done.hemanth.rajeev.kumar@hp.com,Y,Fact_Telephony_CALLS_ABANDONED_INTERVAL,NULL,2023-03-13 06:15:12.227,NULL,Ingestion_to_LakeDB,NULL,NULL
143,Fact_Telephony_CALLS_HANDLED_INTERVAL,2,1,Y,NULL,NULL,done.hemanth.rajeev.kumar@hp.com,Y,Fact_Telephony_CALLS_HANDLED_INTERVAL,NULL,2023-03-13 06:15:12.227,NULL,Ingestion_to_LakeDB,NULL,NULL
144,Fact_Telephony_QUEUE_SEGMENT,2,1,Y,NULL,NULL,done.hemanth.rajeev.kumar@hp.com,Y,Fact_Telephony_QUEUE_SEGMENT,NULL,2023-03-13 06:15:12.227,NULL,Ingestion_to_LakeDB,NULL,NULL
145,Fact_Telephony_QUEUE_CALLBACK,2,1,Y,NULL,NULL,done.hemanth.rajeev.kumar@hp.com,Y,Fact_Telephony_QUEUE_CALLBACK,NULL,2023-03-13 06:15:12.227,NULL,Ingestion_to_LakeDB,NULL,NULL
146,Fact_Telephony_QUEUE_VOICE,2,1,Y,NULL,NULL,done.hemanth.rajeev.kumar@hp.com,Y,Fact_Telephony_QUEUE_VOICE,NULL,2023-03-13 06:15:12.227,NULL,Ingestion_to_LakeDB,NULL,NULL
147,Fact_Telephony_QUEUE_CALLBACK_EXTENDED,2,1,Y,NULL,NULL,done.hemanth.rajeev.kumar@hp.com,Y,Fact_Telephony_QUEUE_CALLBACK_EXTENDED,NULL,2023-03-13 06:15:12.227,NULL,Ingestion_to_LakeDB,NULL,NULL
148,Fact_Telephony_CALLBACK_ANSWERED_INTERVAL,2,1,Y,NULL,NULL,done.hemanth.rajeev.kumar@hp.com,Y,Fact_Telephony_CALLBACK_ANSWERED_INTERVAL,NULL,2023-03-13 06:15:12.227,NULL,Ingestion_to_LakeDB,NULL,NULL
149,Dim_Telephony_DIMENSION_PARTICIPANT_ATTRIBUTE,2,1,Y,NULL,NULL,done.hemanth.rajeev.kumar@hp.com,Y,Dim_Telephony_DIMENSION_PARTICIPANT_ATTRIBUTE,NULL,2023-03-24 08:33:21.600,NULL,Ingestion_to_LakeDB,NULL,NULL
150,Dim_Telephony_DIMENSION_SEGMENT,2,1,Y,NULL,NULL,done.hemanth.rajeev.kumar@hp.com,Y,Dim_Telephony_DIMENSION_SEGMENT,NULL,2023-03-24 08:33:21.600,NULL,Ingestion_to_LakeDB,NULL,NULL
151,Dim_Telephony_DIMENSION_SESSION,2,1,Y,NULL,NULL,done.hemanth.rajeev.kumar@hp.com,Y,Dim_Telephony_DIMENSION_SESSION,NULL,2023-03-24 08:33:21.600,NULL,Ingestion_to_LakeDB,NULL,NULL
152,Dim_Telephony_DIMENSION_FLOW,2,1,Y,NULL,NULL,done.hemanth.rajeev.kumar@hp.com,Y,Dim_Telephony_DIMENSION_FLOW,NULL,2023-03-24 08:33:21.600,NULL,Ingestion_to_LakeDB,NULL,NULL
153,Dim_Telephony_DIMENSION_METRIC,2,1,Y,NULL,NULL,done.hemanth.rajeev.kumar@hp.com,Y,Dim_Telephony_DIMENSION_METRIC,NULL,2023-03-24 08:33:21.600,NULL,Ingestion_to_LakeDB,NULL,NULL
154,Fact_Telephony_CONVERSATION_DETAILS,2,1,Y,NULL,NULL,done.hemanth.rajeev.kumar@hp.com,Y,Fact_Telephony_CONVERSATION_DETAILS,NULL,2023-03-24 08:33:21.600,NULL,Ingestion_to_LakeDB,NULL,NULL
155,Dim_Telephony_DIMENSION_PARTICIPANT,2,1,Y,NULL,NULL,done.hemanth.rajeev.kumar@hp.com,Y,Dim_Telephony_DIMENSION_PARTICIPANT,NULL,2023-03-24 08:33:21.600,NULL,Ingestion_to_LakeDB,NULL,NULL
156,Fact_Telephony_TRANSFERS,2,1,Y,NULL,NULL,done.hemanth.rajeev.kumar@hp.com,Y,Fact_Telephony_TRANSFERS,NULL,2023-03-24 08:33:21.600,NULL,Ingestion_to_LakeDB,NULL,NULL
157,Fact_Telephony_REPEAT_CALLS,2,1,Y,NULL,NULL,done.hemanth.rajeev.kumar@hp.com,Y,Fact_Telephony_REPEAT_CALLS,NULL,2023-03-24 08:33:21.600,NULL,Ingestion_to_LakeDB,NULL,NULL
158,Dim_Telephony_DIMENSION_PARTICIPANT_ATTRIBUTE,2,1,Y,NULL,NULL,done.hemanth.rajeev.kumar@hp.com,Y,Dim_Telephony_DIMENSION_PARTICIPANT_ATTRIBUTE,NULL,2023-03-24 08:44:19.627,NULL,Ingestion_to_LakeDB,NULL,NULL
159,Dim_Telephony_DIMENSION_SEGMENT,2,1,Y,NULL,NULL,done.hemanth.rajeev.kumar@hp.com,Y,Dim_Telephony_DIMENSION_SEGMENT,NULL,2023-03-24 08:44:19.627,NULL,Ingestion_to_LakeDB,NULL,NULL
160,Dim_Telephony_DIMENSION_SESSION,2,1,Y,NULL,NULL,done.hemanth.rajeev.kumar@hp.com,Y,Dim_Telephony_DIMENSION_SESSION,NULL,2023-03-24 08:44:19.627,NULL,Ingestion_to_LakeDB,NULL,NULL
161,Dim_Telephony_DIMENSION_FLOW,2,1,Y,NULL,NULL,done.hemanth.rajeev.kumar@hp.com,Y,Dim_Telephony_DIMENSION_FLOW,NULL,2023-03-24 08:44:19.627,NULL,Ingestion_to_LakeDB,NULL,NULL
162,Dim_Telephony_DIMENSION_METRIC,2,1,Y,NULL,NULL,done.hemanth.rajeev.kumar@hp.com,Y,Dim_Telephony_DIMENSION_METRIC,NULL,2023-03-24 08:44:19.627,NULL,Ingestion_to_LakeDB,NULL,NULL
163,Fact_Telephony_CONVERSATION_DETAILS,2,1,Y,NULL,NULL,done.hemanth.rajeev.kumar@hp.com,Y,Fact_Telephony_CONVERSATION_DETAILS,NULL,2023-03-24 08:44:19.627,NULL,Ingestion_to_LakeDB,NULL,NULL
164,Dim_Telephony_DIMENSION_PARTICIPANT,2,1,Y,NULL,NULL,done.hemanth.rajeev.kumar@hp.com,Y,Dim_Telephony_DIMENSION_PARTICIPANT,NULL,2023-03-24 08:44:19.627,NULL,Ingestion_to_LakeDB,NULL,NULL
165,Fact_Telephony_TRANSFERS,2,1,Y,NULL,NULL,done.hemanth.rajeev.kumar@hp.com,Y,Fact_Telephony_TRANSFERS,NULL,2023-03-24 08:44:19.627,NULL,Ingestion_to_LakeDB,NULL,NULL
166,Fact_Telephony_REPEAT_CALLS,2,1,Y,NULL,NULL,done.hemanth.rajeev.kumar@hp.com,Y,Fact_Telephony_REPEAT_CALLS,NULL,2023-03-24 08:44:19.627,NULL,Ingestion_to_LakeDB,NULL,NULL
167,Dim_Telephony_QUEUE,2,1,Y,NULL,NULL,done.hemanth.rajeev.kumar@hp.com,Y,Dim_Telephony_QUEUE,NULL,2023-04-20 07:14:56.507,NULL,Ingestion_to_LakeDB,NULL,NULL
168,Dim_Telephony_QUEUE,2,1,Y,NULL,NULL,done.hemanth.rajeev.kumar@hp.com,Y,Dim_Telephony_QUEUE,NULL,2023-04-20 07:14:56.507,NULL,Ingestion_to_LakeDB,NULL,NULL
169,Fact_Telephony_FLOW,2,1,Y,NULL,NULL,done.hemanth.rajeev.kumar@hp.com,Y,Fact_Telephony_FLOW,NULL,2023-05-05 06:44:46.080,NULL,Ingestion_to_LakeDB,NULL,NULL
170,Fact_Telephony_FLOW,2,1,Y,NULL,NULL,done.hemanth.rajeev.kumar@hp.com,Y,Fact_Telephony_FLOW,NULL,2023-05-05 06:44:46.080,NULL,Ingestion_to_LakeDB,NULL,NULL
201,agr_scfg,1,2,Y,NULL,NULL,done.hemanth.rajeev.kumar@hp.com,Y,agr_scfg,NULL,2022-08-27 05:59:50.047,NULL,Ingestion_to_LakeDB,NULL,NULL
202,agr_scfg_map_i,1,2,Y,NULL,NULL,done.hemanth.rajeev.kumar@hp.com,Y,agr_scfg_map_i,NULL,2022-08-27 05:59:50.047,NULL,Ingestion_to_LakeDB,NULL,NULL
203,agr_scfg_schedule,1,2,Y,NULL,NULL,done.hemanth.rajeev.kumar@hp.com,Y,agr_scfg_schedule,NULL,2022-08-27 05:59:50.047,NULL,Ingestion_to_LakeDB,NULL,NULL
204,agt_agent_grp_subhr,1,2,Y,NULL,NULL,done.hemanth.rajeev.kumar@hp.com,Y,agt_agent_grp_subhr,NULL,2022-08-27 05:59:50.047,NULL,Ingestion_to_LakeDB,NULL,NULL
205,agt_agent_queue_subhr,1,2,Y,NULL,NULL,done.hemanth.rajeev.kumar@hp.com,Y,agt_agent_queue_subhr,NULL,2022-08-27 05:59:50.047,NULL,Ingestion_to_LakeDB,NULL,NULL
206,agt_agent_subhr,1,2,Y,NULL,NULL,done.hemanth.rajeev.kumar@hp.com,Y,agt_agent_subhr,NULL,2022-08-27 05:59:50.047,NULL,Ingestion_to_LakeDB,NULL,NULL
207,agt_i_agent_subhr,1,2,Y,NULL,NULL,done.hemanth.rajeev.kumar@hp.com,Y,agt_i_agent_subhr,NULL,2022-08-27 05:59:50.047,NULL,Ingestion_to_LakeDB,NULL,NULL
208,agt_i_sess_state_subhr,1,2,Y,NULL,NULL,done.hemanth.rajeev.kumar@hp.com,Y,agt_i_sess_state_subhr,NULL,2022-08-27 05:59:50.047,NULL,Ingestion_to_LakeDB,NULL,NULL
209,agt_i_state_rsn_hour,1,2,Y,NULL,NULL,done.hemanth.rajeev.kumar@hp.com,Y,agt_i_state_rsn_hour,NULL,2022-08-27 05:59:50.047,NULL,Ingestion_to_LakeDB,NULL,NULL
210,agt_i_state_rsn_subhr,1,2,Y,NULL,NULL,done.hemanth.rajeev.kumar@hp.com,Y,agt_i_state_rsn_subhr,NULL,2022-08-27 05:59:50.047,NULL,Ingestion_to_LakeDB,NULL,NULL
211,agt_id_subhr,1,2,Y,NULL,NULL,done.hemanth.rajeev.kumar@hp.com,Y,agt_id_subhr,NULL,2022-08-27 05:59:50.047,NULL,Ingestion_to_LakeDB,NULL,NULL
212,agt_queue_abn_subhr,1,2,Y,NULL,NULL,done.hemanth.rajeev.kumar@hp.com,Y,agt_queue_abn_subhr,NULL,2022-08-27 05:59:50.047,NULL,Ingestion_to_LakeDB,NULL,NULL
213,agt_queue_acc_agent_subhr,1,2,Y,NULL,NULL,done.hemanth.rajeev.kumar@hp.com,Y,agt_queue_acc_agent_subhr,NULL,2022-08-27 05:59:50.047,NULL,Ingestion_to_LakeDB,NULL,NULL
214,agt_queue_day,1,2,Y,NULL,NULL,done.hemanth.rajeev.kumar@hp.com,Y,agt_queue_day,NULL,2022-08-27 05:59:50.047,NULL,Ingestion_to_LakeDB,NULL,NULL
215,agt_queue_grp_subhr,1,2,Y,NULL,NULL,done.hemanth.rajeev.kumar@hp.com,Y,agt_queue_grp_subhr,NULL,2022-08-27 05:59:50.047,NULL,Ingestion_to_LakeDB,NULL,NULL
216,agt_queue_subhr,1,2,Y,NULL,NULL,done.hemanth.rajeev.kumar@hp.com,Y,agt_queue_subhr,NULL,2022-08-27 05:59:50.047,NULL,Ingestion_to_LakeDB,NULL,NULL
217,date_time,1,2,Y,NULL,NULL,done.hemanth.rajeev.kumar@hp.com,Y,date_time,NULL,2022-08-27 05:59:50.047,NULL,Ingestion_to_LakeDB,NULL,NULL
218,date_time_amsc,1,2,Y,NULL,NULL,done.hemanth.rajeev.kumar@hp.com,Y,date_time_amsc,NULL,2022-08-27 05:59:50.047,NULL,Ingestion_to_LakeDB,NULL,NULL
219,date_time_eurc,1,2,Y,NULL,NULL,done.hemanth.rajeev.kumar@hp.com,Y,date_time_eurc,NULL,2022-08-27 05:59:50.047,NULL,Ingestion_to_LakeDB,NULL,NULL
220,date_time_p053,1,2,Y,NULL,NULL,done.hemanth.rajeev.kumar@hp.com,Y,date_time_p053,NULL,2022-08-27 05:59:50.047,NULL,Ingestion_to_LakeDB,NULL,NULL
221,date_time_p080,1,2,Y,NULL,NULL,done.hemanth.rajeev.kumar@hp.com,Y,date_time_p080,NULL,2022-08-27 05:59:50.047,NULL,Ingestion_to_LakeDB,NULL,NULL
222,date_time_p090,1,2,Y,NULL,NULL,done.hemanth.rajeev.kumar@hp.com,Y,date_time_p090,NULL,2022-08-27 05:59:50.047,NULL,Ingestion_to_LakeDB,NULL,NULL
223,gidb_gc_group,1,2,Y,NULL,NULL,done.hemanth.rajeev.kumar@hp.com,Y,gidb_gc_group,NULL,2022-08-27 05:59:50.047,NULL,Ingestion_to_LakeDB,NULL,NULL
224,interaction_fact,1,2,Y,NULL,NULL,done.hemanth.rajeev.kumar@hp.com,Y,interaction_fact,NULL,2022-08-27 05:59:50.047,NULL,Ingestion_to_LakeDB,NULL,NULL
225,interaction_resource_fact,1,2,Y,NULL,NULL,done.hemanth.rajeev.kumar@hp.com,Y,interaction_resource_fact,NULL,2022-08-27 05:59:50.047,NULL,Ingestion_to_LakeDB,NULL,NULL
226,interaction_type,1,2,Y,NULL,NULL,done.hemanth.rajeev.kumar@hp.com,Y,interaction_type,NULL,2022-08-27 05:59:50.047,NULL,Ingestion_to_LakeDB,NULL,NULL
227,irf_user_data_cust_1,1,2,Y,NULL,NULL,done.hemanth.rajeev.kumar@hp.com,Y,irf_user_data_cust_1,NULL,2022-08-27 05:59:50.047,NULL,Ingestion_to_LakeDB,NULL,NULL
228,irf_user_data_cust_2,1,2,Y,NULL,NULL,done.hemanth.rajeev.kumar@hp.com,Y,irf_user_data_cust_2,NULL,2022-08-27 05:59:50.047,NULL,Ingestion_to_LakeDB,NULL,NULL
229,irf_user_data_cust_3,1,2,Y,NULL,NULL,done.hemanth.rajeev.kumar@hp.com,Y,irf_user_data_cust_3,NULL,2022-08-27 05:59:50.047,NULL,Ingestion_to_LakeDB,NULL,NULL
230,irf_user_data_keys,1,2,Y,NULL,NULL,done.hemanth.rajeev.kumar@hp.com,Y,irf_user_data_keys,NULL,2022-08-27 05:59:50.047,NULL,Ingestion_to_LakeDB,NULL,NULL
231,ivrpcsactionlog,1,2,Y,NULL,NULL,done.hemanth.rajeev.kumar@hp.com,Y,ivrpcsactionlog,NULL,2022-08-27 05:59:50.047,NULL,Ingestion_to_LakeDB,NULL,NULL
232,media_type,1,2,Y,NULL,NULL,done.hemanth.rajeev.kumar@hp.com,Y,media_type,NULL,2022-08-27 05:59:50.047,NULL,Ingestion_to_LakeDB,NULL,NULL
233,mediation_segment_fact,1,2,Y,NULL,NULL,done.hemanth.rajeev.kumar@hp.com,Y,mediation_segment_fact,NULL,2022-08-27 05:59:50.047,NULL,Ingestion_to_LakeDB,NULL,NULL
234,resource,1,2,Y,NULL,NULL,done.hemanth.rajeev.kumar@hp.com,Y,resource,NULL,2022-08-27 05:59:50.047,NULL,Ingestion_to_LakeDB,NULL,NULL
235,resource_group_combination,1,2,Y,NULL,NULL,done.hemanth.rajeev.kumar@hp.com,Y,resource_group_combination,NULL,2022-08-27 05:59:50.047,NULL,Ingestion_to_LakeDB,NULL,NULL
236,resource_group_fact,1,2,Y,NULL,NULL,done.hemanth.rajeev.kumar@hp.com,Y,resource_group_fact,NULL,2022-08-27 05:59:50.047,NULL,Ingestion_to_LakeDB,NULL,NULL
237,resource_state,1,2,Y,NULL,NULL,done.hemanth.rajeev.kumar@hp.com,Y,resource_state,NULL,2022-08-27 05:59:50.047,NULL,Ingestion_to_LakeDB,NULL,NULL
238,resource_state_reason,1,2,Y,NULL,NULL,done.hemanth.rajeev.kumar@hp.com,Y,resource_state_reason,NULL,2022-08-27 05:59:50.047,NULL,Ingestion_to_LakeDB,NULL,NULL
239,sm_res_session_fact,1,2,Y,NULL,NULL,done.hemanth.rajeev.kumar@hp.com,Y,sm_res_session_fact,NULL,2022-08-27 05:59:50.047,NULL,Ingestion_to_LakeDB,NULL,NULL
240,sm_res_state_fact,1,2,Y,NULL,NULL,done.hemanth.rajeev.kumar@hp.com,Y,sm_res_state_fact,NULL,2022-08-27 05:59:50.047,NULL,Ingestion_to_LakeDB,NULL,NULL
241,technical_descriptor,1,2,Y,NULL,NULL,done.hemanth.rajeev.kumar@hp.com,Y,technical_descriptor,NULL,2022-08-27 05:59:50.047,NULL,Ingestion_to_LakeDB,NULL,NULL
242,time_zone,1,2,Y,NULL,NULL,done.hemanth.rajeev.kumar@hp.com,Y,time_zone,NULL,2022-08-27 05:59:50.047,NULL,Ingestion_to_LakeDB,NULL,NULL
243,user_data_cust_dim_1,1,2,Y,NULL,NULL,done.hemanth.rajeev.kumar@hp.com,Y,user_data_cust_dim_1,NULL,2022-08-27 05:59:50.047,NULL,Ingestion_to_LakeDB,NULL,NULL
244,user_data_cust_dim_2,1,2,Y,NULL,NULL,done.hemanth.rajeev.kumar@hp.com,Y,user_data_cust_dim_2,NULL,2022-08-27 05:59:50.047,NULL,Ingestion_to_LakeDB,NULL,NULL
245,voicesapplications,1,2,Y,NULL,NULL,done.hemanth.rajeev.kumar@hp.com,Y,voicesapplications,NULL,2022-08-27 05:59:50.047,NULL,Ingestion_to_LakeDB,NULL,NULL
246,BMT_Hierarchy,1,2,Y,NULL,NULL,done.hemanth.rajeev.kumar@hp.com,Y,BMT_Hierarchy,NULL,2022-10-13 07:20:39.260,NULL,Ingestion_to_LakeDB,NULL,NULL
247,BMT_Partner,1,2,Y,NULL,NULL,done.hemanth.rajeev.kumar@hp.com,Y,BMT_Partner,NULL,2022-10-13 07:20:39.260,NULL,Ingestion_to_LakeDB,NULL,NULL
248,BMT_Forecast,1,2,Y,NULL,NULL,done.hemanth.rajeev.kumar@hp.com,Y,BMT_Forecast,NULL,2022-10-13 07:20:39.260,NULL,Ingestion_to_LakeDB,NULL,NULL
249,BMT_Capacity,1,2,Y,NULL,NULL,done.hemanth.rajeev.kumar@hp.com,Y,BMT_Capacity,NULL,2022-10-13 07:20:39.260,NULL,Ingestion_to_LakeDB,NULL,NULL
251,Fact_Telephony_CALLS_ANSWERED_INTERVAL,2,2,Y,NULL,NULL,done.hemanth.rajeev.kumar@hp.com,Y,Fact_Telephony_CALLS_ANSWERED_INTERVAL,NULL,2022-10-13 07:19:30.017,NULL,Ingestion_to_SQLDW,NULL,NULL
252,Fact_Telephony_CALLS_ABANDONED_INTERVAL,2,2,Y,NULL,NULL,done.hemanth.rajeev.kumar@hp.com,Y,Fact_Telephony_CALLS_ABANDONED_INTERVALL,NULL,2022-10-13 07:19:30.017,NULL,Ingestion_to_SQLDW,NULL,NULL
253,Fact_Telephony_CALLS_HANDLED_INTERVAL,2,2,Y,NULL,NULL,done.hemanth.rajeev.kumar@hp.com,Y,Fact_Telephony_CALLS_HANDLED_INTERVAL,NULL,2022-10-13 07:19:30.017,NULL,Ingestion_to_SQLDW,NULL,NULL
254,Fact_Telephony_QUEUE_SEGMENT,2,2,Y,NULL,NULL,done.hemanth.rajeev.kumar@hp.com,Y,Fact_Telephony_QUEUE_SEGMENT,NULL,2022-10-13 07:19:30.017,NULL,Ingestion_to_SQLDW,NULL,NULL
255,Fact_Telephony_QUEUE_CALLBACK,2,2,Y,NULL,NULL,done.hemanth.rajeev.kumar@hp.com,Y,Fact_Telephony_QUEUE_CALLBACK,NULL,2022-10-13 07:19:30.017,NULL,Ingestion_to_SQLDW,NULL,NULL
256,Fact_Telephony_QUEUE_VOICE,2,2,Y,NULL,NULL,done.hemanth.rajeev.kumar@hp.com,Y,Fact_Telephony_QUEUE_VOICE,NULL,2022-10-13 07:19:30.017,NULL,Ingestion_to_SQLDW,NULL,NULL
257,Fact_Telephony_QUEUE_CALLBACK_EXTENDED,2,2,Y,NULL,NULL,done.hemanth.rajeev.kumar@hp.com,Y,Fact_Telephony_QUEUE_CALLBACK_EXTENDED,NULL,2022-10-13 07:19:30.017,NULL,Ingestion_to_SQLDW,NULL,NULL
258,Fact_Telephony_CALLBACK_ABANDONED_INTERVAL,2,2,Y,NULL,NULL,done.hemanth.rajeev.kumar@hp.com,Y,Fact_Telephony_CALLBACK_ABANDONED_INTERVAL,NULL,2022-10-13 07:19:30.017,NULL,Ingestion_to_SQLDW,NULL,NULL
259,Fact_Telephony_CALLBACK_ANSWERED_INTERVAL,2,2,Y,NULL,NULL,done.hemanth.rajeev.kumar@hp.com,Y,Fact_Telephony_CALLBACK_ANSWERED_INTERVAL,NULL,2022-10-13 07:19:30.017,NULL,Ingestion_to_SQLDW,NULL,NULL
260,Fact_Telephony_QUEUE_USER_VOICE,2,2,Y,NULL,NULL,done.hemanth.rajeev.kumar@hp.com,Y,Fact_Telephony_QUEUE_USER_VOICE,NULL,2022-11-11 05:46:11.303,NULL,Ingestion_to_SQLDW,NULL,NULL
261,Fact_Telephony_USER_VOICE,2,2,Y,NULL,NULL,done.hemanth.rajeev.kumar@hp.com,Y,Fact_Telephony_USER_VOICE,NULL,2022-11-11 05:46:11.303,NULL,Ingestion_to_SQLDW,NULL,NULL
262,Fact_Telephony_AGENT_STATUS,2,2,Y,NULL,NULL,done.hemanth.rajeev.kumar@hp.com,Y,Fact_Telephony_AGENT_STATUS,NULL,2022-11-11 05:46:11.303,NULL,Ingestion_to_SQLDW,NULL,NULL
263,Fact_Telephony_AGENT_STATUS_DETAILS,2,2,Y,NULL,NULL,done.hemanth.rajeev.kumar@hp.com,Y,Fact_Telephony_AGENT_STATUS_DETAILS,NULL,2022-11-11 05:46:11.303,NULL,Ingestion_to_SQLDW,NULL,NULL
264,Fact_Telephony_USER_CALLBACK,2,2,Y,NULL,NULL,done.hemanth.rajeev.kumar@hp.com,Y,Fact_Telephony_USER_CALLBACK,NULL,2022-11-11 05:46:11.303,NULL,Ingestion_to_SQLDW,NULL,NULL
265,BMT_Agent_Site,1,2,Y,NULL,NULL,done.hemanth.rajeev.kumar@hp.com,Y,BMT_Agent_Site,NULL,2022-11-11 05:46:11.303,NULL,Ingestion_to_SQLDW,NULL,NULL
266,Dim_Telephony_USER,2,2,Y,NULL,NULL,done.hemanth.rajeev.kumar@hp.com,Y,Dim_Telephony_USER,NULL,2022-11-11 05:46:11.303,NULL,Ingestion_to_SQLDW,NULL,NULL
267,Fact_Telephony_TPTR_HP_PBX_Agent,2,2,Y,NULL,NULL,done.hemanth.rajeev.kumar@hp.com,Y,Fact_Telephony_TPTR_HP_PBX_Agent,NULL,2022-12-12 15:29:36.587,NULL,Ingestion_to_LakeDB,NULL,NULL
268,Fact_Telephony_TPTR_HP_PBX_IB,2,2,Y,NULL,NULL,done.hemanth.rajeev.kumar@hp.com,Y,Fact_Telephony_TPTR_HP_PBX_IB,NULL,2022-12-12 15:29:36.587,NULL,Ingestion_to_LakeDB,NULL,NULL
269,Fact_Telephony_TPTR_HP_PBX_OB,2,2,Y,NULL,NULL,done.hemanth.rajeev.kumar@hp.com,Y,Fact_Telephony_TPTR_HP_PBX_OB,NULL,2022-12-12 15:29:36.587,NULL,Ingestion_to_LakeDB,NULL,NULL
274,Fact_Telephony_AGENT_PRESENCE_DETAILS,2,2,Y,NULL,NULL,done.hemanth.rajeev.kumar@hp.com,Y,Fact_Telephony_AGENT_PRESENCE_DETAILS,NULL,2023-02-01 09:22:53.793,NULL,Ingestion_to_SQLDW,NULL,NULL
290,Dim_Telephony_DIMENSION_PARTICIPANT_ATTRIBUTE,2,2,Y,NULL,NULL,done.hemanth.rajeev.kumar@hp.com,Y,Dim_Telephony_DIMENSION_PARTICIPANT_ATTRIBUTE,NULL,2023-03-24 08:33:21.600,NULL,Ingestion_to_SQLDW,NULL,NULL
291,Dim_Telephony_DIMENSION_SEGMENT,2,2,Y,NULL,NULL,done.hemanth.rajeev.kumar@hp.com,Y,Dim_Telephony_DIMENSION_SEGMENT,NULL,2023-03-24 08:33:21.600,NULL,Ingestion_to_SQLDW,NULL,NULL
292,Dim_Telephony_DIMENSION_SESSION,2,2,Y,NULL,NULL,done.hemanth.rajeev.kumar@hp.com,Y,Dim_Telephony_DIMENSION_SESSION,NULL,2023-03-24 08:33:21.600,NULL,Ingestion_to_SQLDW,NULL,NULL
293,Dim_Telephony_DIMENSION_FLOW,2,2,Y,NULL,NULL,done.hemanth.rajeev.kumar@hp.com,Y,Dim_Telephony_DIMENSION_FLOW,NULL,2023-03-24 08:33:21.600,NULL,Ingestion_to_SQLDW,NULL,NULL
294,Dim_Telephony_DIMENSION_METRIC,2,2,Y,NULL,NULL,done.hemanth.rajeev.kumar@hp.com,Y,Dim_Telephony_DIMENSION_METRIC,NULL,2023-03-24 08:33:21.600,NULL,Ingestion_to_SQLDW,NULL,NULL
295,Fact_Telephony_CONVERSATION_DETAILS,2,2,Y,NULL,NULL,done.hemanth.rajeev.kumar@hp.com,Y,Fact_Telephony_CONVERSATION_DETAILS,NULL,2023-03-24 08:33:21.600,NULL,Ingestion_to_SQLDW,NULL,NULL
296,Dim_Telephony_DIMENSION_PARTICIPANT,2,2,Y,NULL,NULL,done.hemanth.rajeev.kumar@hp.com,Y,Dim_Telephony_DIMENSION_PARTICIPANT,NULL,2023-03-24 08:33:21.600,NULL,Ingestion_to_SQLDW,NULL,NULL
297,Fact_Telephony_TRANSFERS,2,2,Y,NULL,NULL,done.hemanth.rajeev.kumar@hp.com,Y,Fact_Telephony_TRANSFERS,NULL,2023-03-24 08:33:21.600,NULL,Ingestion_to_SQLDW,NULL,NULL
298,Fact_Telephony_REPEAT_CALLS,2,2,Y,NULL,NULL,done.hemanth.rajeev.kumar@hp.com,Y,Fact_Telephony_REPEAT_CALLS,NULL,2023-03-24 08:33:21.600,NULL,Ingestion_to_SQLDW,NULL,NULL
299,Dim_Telephony_QUEUE,2,2,Y,NULL,NULL,done.hemanth.rajeev.kumar@hp.com,Y,Dim_Telephony_QUEUE,NULL,2023-04-20 07:14:56.507,NULL,Ingestion_to_SQLDW,NULL,NULL
300,Fact_Telephony_FLOW,2,2,Y,NULL,NULL,done.hemanth.rajeev.kumar@hp.com,Y,Fact_Telephony_FLOW,NULL,2023-05-05 06:44:46.080,NULL,Ingestion_to_SQLDW,NULL,NULL
